Total Sentiment Score,Follower Count,Tweet
-0.27764,1183,"RT @1776Stonewall: a new Emerson Poll has Trump beating every Democrat contender, as well as a new Axios pill has him winning Pennsylvania,‚Ä¶"
-0.29088,66,RT @nowthisnews: Michigan police were caught on camera violently arresting a man with a disability and laughing about it after https://t.co‚Ä¶
0.9451799999999999,4376,"RT @GeraldoRivera: Polls in key swing states, Michigan, Pennsylvania &amp; Wisconsin show @realDonaldTrump crushing any &amp; all Democratic presid‚Ä¶"
0.9451799999999999,59,"RT @GeraldoRivera: Polls in key swing states, Michigan, Pennsylvania &amp; Wisconsin show @realDonaldTrump crushing any &amp; all Democratic presid‚Ä¶"
0.9451799999999999,28,"RT @GeraldoRivera: Polls in key swing states, Michigan, Pennsylvania &amp; Wisconsin show @realDonaldTrump crushing any &amp; all Democratic presid‚Ä¶"
0.23897,2039,@Michigan_Ant @MissJessica616 Vivint... it‚Äôs similar to ADT
-0.49146999999999996,376,RT @craigrwall: Crazy video: Watch as Park district truck slides off into Lake Michigan. The two employees inside got out safely. ‚Å¶@ABC7Chi‚Ä¶
0.0,651,"RT @TweetsbyCoachP: Duncan Robinson played D3 prior to transferring to Michigan 

Duncan Robinson scored 34 tonight for the Miami Heat toni‚Ä¶"
0,3812,"NCAAB
Yale -4 -110 1u
Michigan +1.5 -110 1u"
0.50396,46,"RT @FemalesForDJT: Our President is SURGING in key swing states!
üí•Pennsylvania
üí•Michigan
üí•Wisconsin

üö®This President is fighting for you &amp;‚Ä¶"
0.70284,2214,RT @JJTranslates: I was thinking earlier this morning about how SE Michigan is putting 1.4 billion towards 8 miles of highway and how that‚Ä¶
0.63003,187,"Noticeable line Change in the Michigan vs Illinois game tonight. 

Michigan went from the favorite to the dog I lik‚Ä¶ https://t.co/dAmCZBhS1J"
0,101,"@KQEDForum @Valerie_Valise @lonelyplanet Dark Sky Park, Northern Michigan"
0,39767,RT @sportswithfacts: Welcome to the THUNDERDOME Michigan! https://t.co/2ekuvv3kTN
0.0,321,@WolverineCorner Michigan 80-74 livers 23
0.27555,160,@stizzell @l_tobyron Beating Michigan is always wonderful but never impressive.
0.9451799999999999,11917,"RT @GeraldoRivera: Polls in key swing states, Michigan, Pennsylvania &amp; Wisconsin show @realDonaldTrump crushing any &amp; all Democratic presid‚Ä¶"
0.9451799999999999,416,"RT @GeraldoRivera: Polls in key swing states, Michigan, Pennsylvania &amp; Wisconsin show @realDonaldTrump crushing any &amp; all Democratic presid‚Ä¶"
0.8306200000000001,364,"RT @UMichPath: Want to learn more about some of the work done by our experts here at @MLabsUM?

Click the link below for more information a‚Ä¶"
0.9451799999999999,260,"RT @GeraldoRivera: Polls in key swing states, Michigan, Pennsylvania &amp; Wisconsin show @realDonaldTrump crushing any &amp; all Democratic presid‚Ä¶"
0,115,https://t.co/Ci9ozlqEut
-0.29088,26,RT @nowthisnews: Michigan police were caught on camera violently arresting a man with a disability and laughing about it after https://t.co‚Ä¶
-0.49146999999999996,897,RT @craigrwall: Crazy video: Watch as Park district truck slides off into Lake Michigan. The two employees inside got out safely. ‚Å¶@ABC7Chi‚Ä¶
0.0,43,"RT @charliekirk11: New polls: 

Michigan: 

Trump - 46
Biden - 41

Pennsylvania: 

Trump - 46 
Biden - 41

Wisconsin: 

Trump - 48
Biden -‚Ä¶"
-0.15225999999999998,519,"RT @dianepathieu: WATCH THIS!!! AMAZINGLY THEY ARE OK!! 

2 Park District employees in their salt truck slipped off of the Lakefront trail‚Ä¶"
-0.29088,205,RT @nowthisnews: Michigan police were caught on camera violently arresting a man with a disability and laughing about it after https://t.co‚Ä¶
0.9451799999999999,2634,"RT @GeraldoRivera: Polls in key swing states, Michigan, Pennsylvania &amp; Wisconsin show @realDonaldTrump crushing any &amp; all Democratic presid‚Ä¶"
1.1883,1638,Everyone's favorite day- Therapaws Day at the University of Michigan School of Dentistry-Good luck on those exams!‚Ä¶ https://t.co/rIj7SOr58Y
-0.49146999999999996,694,RT @craigrwall: Crazy video: Watch as Park district truck slides off into Lake Michigan. The two employees inside got out safely. ‚Å¶@ABC7Chi‚Ä¶
0.11283,3910,"RT @FHPSnews: Congratulations to @NHMSHuskies principal, Dr. David Simpson. He was recognized by the Michigan Elementary and Middle School‚Ä¶"
0.6095,385,RT @CSTbreaking: UPDATE: Park District truck slides on ice into Lake Michigan near Chicago Avenue; 2 workers escape unharmed https://t.co/e‚Ä¶
0.9451799999999999,22,"RT @GeraldoRivera: Polls in key swing states, Michigan, Pennsylvania &amp; Wisconsin show @realDonaldTrump crushing any &amp; all Democratic presid‚Ä¶"
0.95274,3,"Today is an exciting day at Majestic Beds! Our @Kickstarter benefitting @MakeAWish Michigan has launched! 

Help us‚Ä¶ https://t.co/DBhqlVfdHv"
0.08411,2256,"Chicago (IL) Sun-Times: Salt truck slips on ice, plunges into Lake Michigan near Chicago Avenue"
0.12622,2230,"RT @marchmadness: Proving the doubters wrong. üí™

#KatzRankz - Most Surprising Teams, as heard on the #MM365 podcast!

1. Michigan
2. DePaul‚Ä¶"
0.46805,228,RT @RashidaTlaib: He doesn't win Michigan. #NotMeUs https://t.co/nu1bjT50tV
0.6013000000000001,773,"@BigDrewandJim @JeffRisdon Damn, Urban Meyer to the Lions is an excellent sports talk radio trolling topic for here‚Ä¶ https://t.co/36hXRvyZpX"
0.8608499999999999,398,@PicassoFa_ @ZacharyOLecky Might come back from Michigan with exciting news üòàüòà
0.15002,366,@KingMcCain14 Game opened at Michigan -1 for a reason. Neutral would be  Michigan -3.5. Illinois is 5-10 as a home‚Ä¶ https://t.co/lh29gyIjX9
0.22859,47,@WolverineCorner 78-68 Michigan. livers will have 19
0.9451799999999999,19937,"RT @GeraldoRivera: Polls in key swing states, Michigan, Pennsylvania &amp; Wisconsin show @realDonaldTrump crushing any &amp; all Democratic presid‚Ä¶"
0.08777999999999998,8,RT @legaladvice_txt: Live in Michigan. Employment terminated due to 'being late' by 0 Minutes (self.legaladvice) https://t.co/OytoRLo6zV
0.9451799999999999,88,"RT @GeraldoRivera: Polls in key swing states, Michigan, Pennsylvania &amp; Wisconsin show @realDonaldTrump crushing any &amp; all Democratic presid‚Ä¶"
0.83614,488,Any group or charity in SE Michigan need wheelchairs and walkers? Please contact me.
-0.07232000000000001,676,"RT @wendellpotter: If indeed the @petebuttigieg client was Blue Cross, this report by the Attorney General of Michigan in 2007 has a lot to‚Ä¶"
0.0,577,"RT @sports_handle: MICHIGAN:

Votes are in:

- Legalizing Sports Betting (4916): Passes 35-3.
- Legalizing iGaming/Poker(4311): Passes 35-3‚Ä¶"
1.8594099999999998,4067,"Enrollees in Michigan‚Äôs #Medicaid expansion, which has a strong emphasis on primary care and assessing health risks‚Ä¶ https://t.co/SkG0TIZt7M"
0.0,478,"RT @TweetsbyCoachP: Duncan Robinson played D3 prior to transferring to Michigan 

Duncan Robinson scored 34 tonight for the Miami Heat toni‚Ä¶"
0.08411,3179,@rgeiger24 @joelklatt @amandagrayou Kentucky last year averaged 16.8 PPG in conference. Scored 27 on Penn State and‚Ä¶ https://t.co/w5MFbuFyJd
0.9451799999999999,21,"RT @GeraldoRivera: Polls in key swing states, Michigan, Pennsylvania &amp; Wisconsin show @realDonaldTrump crushing any &amp; all Democratic presid‚Ä¶"
0.9451799999999999,1273,"RT @GeraldoRivera: Polls in key swing states, Michigan, Pennsylvania &amp; Wisconsin show @realDonaldTrump crushing any &amp; all Democratic presid‚Ä¶"
0.28113,97573,RT @GaryParrishCBS: Here is Wednesday morning‚Äôs updated @CBSSports Top 25 And 1 daily college basketball rankings ‚Äî with some words at the‚Ä¶
0.07125000000000009,1660,RT @SafetyPinDaily: Nestle's go at privatizing town water shot down by Michigan appeals court | By Ashley Curtin https://t.co/vYCECjiO1K
0.17223000000000002,639,@MKESZN You seem good.. Just not sure about Michigan and Yale.
0.45776,22,@oakman18 @WhitstableRocks It‚Äôs a Kennel in Michigan near Kalamazoo ...I will send his name tomorrow
0.0,245,"RT @TweetsbyCoachP: Duncan Robinson played D3 prior to transferring to Michigan 

Duncan Robinson scored 34 tonight for the Miami Heat toni‚Ä¶"
0.6026,528,RT @Darrell_Quijuan: Extremely Blessed to receive an offer from Western Michigan University üí™üèΩ‚ÄºÔ∏è #GoBroncos https://t.co/4l9g30BA8e
-0.010640000000000024,129,RT @WeThePeopleDet: Revealed: water company and city officials knew about Flint poison risk https://t.co/I0CHOGONcx
0,987,@nnpeoples97 @MuseMan82 @BeardsAndInk @MMAassault1 @Scotlandforfury @GiovaniBell2 @colbycalltheco1 @appo_jax‚Ä¶ https://t.co/5r8BuEwqdG
0.9451799999999999,152,"RT @GeraldoRivera: Polls in key swing states, Michigan, Pennsylvania &amp; Wisconsin show @realDonaldTrump crushing any &amp; all Democratic presid‚Ä¶"
-0.0664,1523,"Mayor Pet*‚Äôs very 1st project at McKinsey was for an insurance company. 
His client was Blue across Blue Shield of Michigan."
0.0,46,"RT @sports_handle: MICHIGAN:

Votes are in:

- Legalizing Sports Betting (4916): Passes 35-3.
- Legalizing iGaming/Poker(4311): Passes 35-3‚Ä¶"
0.22859,349,"@WolverineCorner Michigan 71-63
Livers will have 14"
0.0,254,"RT @charliekirk11: New polls: 

Michigan: 

Trump - 46
Biden - 41

Pennsylvania: 

Trump - 46 
Biden - 41

Wisconsin: 

Trump - 48
Biden -‚Ä¶"
0,62,72-66 Michigan 18pts for Livers https://t.co/KnA5AoYBwE
0.0,3812,"RT @charliekirk11: New polls: 

Michigan: 

Trump - 46
Biden - 41

Pennsylvania: 

Trump - 46 
Biden - 41

Wisconsin: 

Trump - 48
Biden -‚Ä¶"
-0.29088,7,RT @nowthisnews: Michigan police were caught on camera violently arresting a man with a disability and laughing about it after https://t.co‚Ä¶
-0.004589999999999997,40,@MikayesFiona @marie_michigan @CNN The only time anyone references CNN is when they‚Äôre stuck in an airport or when‚Ä¶ https://t.co/LxEtwDRcHS
1.02943,1648,RT @Wil__Hunter: MSU's football staff was the third-highest paid group in the Big Ten this year. Lots of interesting nuggets in this about‚Ä¶
-0.11565,31060,"RT @JustClaudia3: PENNSYLVANIA

WISCONSIN

MICHIGAN
 
OHIO

FLORIDA

All critical states we need to FLIP BLUE!!
#DemocracyActionForum"
0.81944,1484,"@PlagueJane although he's banned at my school, it doesn't transfer to michigan tournaments, which he's free to ente‚Ä¶ https://t.co/ZPsx79e1sQ"
-0.29088,1790,RT @nowthisnews: Michigan police were caught on camera violently arresting a man with a disability and laughing about it after https://t.co‚Ä¶
0.169,282,RT @CurbedDetroit: Preposterous ideas from Detroit‚Äôs past decade that actually came true https://t.co/eVmLWVLGJb
-0.63659,125,"RT @nuclearkatie: A seawall collapsed recently, spilling uranium-contaminated waste into the Detroit River
https://t.co/FAwSgJkJyA"
0.09303,44,@brianlilley Just a hour ago Michigan legalized single game wagering. So guess where Ontario spirts bettors are headed !
0.9451799999999999,4513,"RT @GeraldoRivera: Polls in key swing states, Michigan, Pennsylvania &amp; Wisconsin show @realDonaldTrump crushing any &amp; all Democratic presid‚Ä¶"
0.07125000000000009,362,RT @SafetyPinDaily: Nestle's go at privatizing town water shot down by Michigan appeals court | By Ashley Curtin https://t.co/vYCECjiO1K
0.0,138,@WolverineCorner 86-71 Michigan livers with 17
0.46805,65,RT @RashidaTlaib: He doesn't win Michigan. #NotMeUs https://t.co/nu1bjT50tV
0.0,351,"RT @TweetsbyCoachP: Duncan Robinson played D3 prior to transferring to Michigan 

Duncan Robinson scored 34 tonight for the Miami Heat toni‚Ä¶"
0.71648,163,"RT @ABC: Christmas came early for two sisters in Michigan, who broke down in tears when they found a 10-week-old golden retriever in an ope‚Ä¶"
0,8,"RT @TheBuckeyeNut: CBS Sports College Basketball Poll (as of Wednesday, 12/11)

1. Ohio State 
2. Kansas
3. Michigan 
4. Gonzaga 
5. Louisv‚Ä¶"
0.10554,290,WATCH: Check out this crazy video of a Park District truck sliding on ice into Lake Michigan in Chicago‚Ä¶ https://t.co/A1ZsQMSG8O
-0.007670000000000024,781,Illinois tips off against No. 5 Michigan in about 7 hours. The #Illini have dropped two games in a row including a‚Ä¶ https://t.co/VTFwCqoVvs
0.0,390,"RT @TweetsbyCoachP: Duncan Robinson played D3 prior to transferring to Michigan 

Duncan Robinson scored 34 tonight for the Miami Heat toni‚Ä¶"
0.9451799999999999,3392,"RT @GeraldoRivera: Polls in key swing states, Michigan, Pennsylvania &amp; Wisconsin show @realDonaldTrump crushing any &amp; all Democratic presid‚Ä¶"
0.71648,372,"RT @ABC: Christmas came early for two sisters in Michigan, who broke down in tears when they found a 10-week-old golden retriever in an ope‚Ä¶"
0.02825,389,@BreonnaWashing3 He said fuck that pizza ü§£
0.38516999999999996,1105,@MrTuktoyaktuk I was way ahead due to the differences in scheduling/credits between high school in Iowa (freshman/s‚Ä¶ https://t.co/5gg6eCf4Zi
0.97807,37,"@IngrahamAngle Slotkin will vote to impeach. She does not care about the will of her constituents, her loyalty is t‚Ä¶ https://t.co/4FbsEnzQFY"
0.9451799999999999,4096,"RT @GeraldoRivera: Polls in key swing states, Michigan, Pennsylvania &amp; Wisconsin show @realDonaldTrump crushing any &amp; all Democratic presid‚Ä¶"
0.12622,7,"RT @marchmadness: Proving the doubters wrong. üí™

#KatzRankz - Most Surprising Teams, as heard on the #MM365 podcast!

1. Michigan
2. DePaul‚Ä¶"
-0.44234,392,RT @EricSchneider27: Suck my dick Michigan https://t.co/fLEL0hM3w7
0.8920399999999999,987,Illinois basketball searching for more success in closing out games ahead of matchup with No. 5 Michigan‚Ä¶ https://t.co/0z2VjGpNZw
-0.20031,450,"RT @freep: Novi woman watches as dog is killed, dragged away by coyotes in backyard https://t.co/ZDQcgfjsKf"
0.82114,187,"@thomas4293 @Ab84Gm @AB84 Organization is proven to be cheaters! But, I'm a Michigan fan so..."
0.0,115,84-76 Michigan Livers 16 points https://t.co/KTDi9rz1q8
0.0,432,"RT @charliekirk11: New polls: 

Michigan: 

Trump - 46
Biden - 41

Pennsylvania: 

Trump - 46 
Biden - 41

Wisconsin: 

Trump - 48
Biden -‚Ä¶"
0.9451799999999999,5848,"RT @GeraldoRivera: Polls in key swing states, Michigan, Pennsylvania &amp; Wisconsin show @realDonaldTrump crushing any &amp; all Democratic presid‚Ä¶"
0.21642,1884,"@kburton40 @wanderlustyogi Another Tulsi donor here. My family proves your theory wrong. There are Bernie @ 1st, Tr‚Ä¶ https://t.co/nUvSJwU0HS"
1.43338,4233,"RT @America1stTiger: Here is all you need to know about #QuidProQuoJoe!

This is why he is now trailing President #Trump in the key swing s‚Ä¶"
-0.05729000000000001,872,RT @nickrmanes: Periodic reminder that Michigan has a preemptive law that bans local govts from enacting plastic bag bans https://t.co/4SIi‚Ä¶
0.27665,80879,Pence to visit two Michigan cities before Trump campaign rally https://t.co/LET865m6Gl
0.27665,6302,Pence to visit two Michigan cities before Trump campaign rally https://t.co/kf76Z5vcTF
0.27665,9420,Pence to visit two Michigan cities before Trump campaign rally https://t.co/THhksnVPWv
0.43260999999999994,60,"RT @DanKEberhart: New polls are showing President Trump leading in Wisconsin, Michigan, and Pennsylvania. States that used to be part of th‚Ä¶"
0.9451799999999999,4892,"RT @GeraldoRivera: Polls in key swing states, Michigan, Pennsylvania &amp; Wisconsin show @realDonaldTrump crushing any &amp; all Democratic presid‚Ä¶"
0,3044,"More 2019 @NSMASportsMedia awards finalists.

Michigan Sportscaster:
@Dan_Dickerson
@JackEbling
@Jamie_Edmonds‚Ä¶ https://t.co/dfpwleZ2vc"
0.54006,288,"RT @BrodyAMiller: Michigan OC Josh Gattis in February:

‚ÄúI think it‚Äôs one of the best hires that has happened this offseason. People are go‚Ä¶"
0,239,"RT @ChoiceMediatv: University of Michigan Students Campaign against Third Grade Reading Law

via @alex_harring #EdPolicy #Literacy

https:/‚Ä¶"
0.7580199999999999,261,RT @badboychadhoy: michigan? more like bitchigan that place fucking sucks
0.14406,1385,RT @TreyJoens: @Ann_marie1231 Excellent point Michigan. Excellent!!
-0.10807,628,"RT @historylvrsclub: Circled in this photo is Eagle Scout Gerald Ford in 1929, meeting then Michigan governor Fred Green (on the left.). Mo‚Ä¶"
-0.12749,2861,RT @Terrence_STR: Flint MIchigan: As former Mayor Weaver left office &amp; was replaced by Neely this was parked in front of City Hall.This is‚Ä¶
-0.29088,53,RT @nowthisnews: Michigan police were caught on camera violently arresting a man with a disability and laughing about it after https://t.co‚Ä¶
0.0,1950,"RT @charliekirk11: New polls: 

Michigan: 

Trump - 46
Biden - 41

Pennsylvania: 

Trump - 46 
Biden - 41

Wisconsin: 

Trump - 48
Biden -‚Ä¶"
0.9451799999999999,32,"RT @GeraldoRivera: Polls in key swing states, Michigan, Pennsylvania &amp; Wisconsin show @realDonaldTrump crushing any &amp; all Democratic presid‚Ä¶"
1.1813999999999998,270,"RT @jensenoffcampus: My Off Campus visit to Ann Arbor and Phil Martelli. ‚ÄúThe first game, I was like self-conscious. What do I do with my h‚Ä¶"
0.9451799999999999,1452,"RT @GeraldoRivera: Polls in key swing states, Michigan, Pennsylvania &amp; Wisconsin show @realDonaldTrump crushing any &amp; all Democratic presid‚Ä¶"
0.10898000000000002,2194,"RT @MichiganFreedom: After failing to get her 45-cent gas tax hike, failing to fix the roads, and failing to fund Michigan‚Äôs priorities, @G‚Ä¶"
-0.10137,4929,Trump bringing Pence in for next week‚Äôs Michigan rally https://t.co/Z4BnW12rU7
0.0,597,"My top 10 after last night‚Äôs games:

1. Auburn
2. Michigan State
3. Kansas
4. Tennessee
5. Kentucky
6. Gonzaga
7. D‚Ä¶ https://t.co/BJoS6n3cHN"
1.7457,2191,RT @jayharrell32: I am excited and blessed to announce my commitment to the University of Michigan üôèüèΩ https://t.co/zguORPX1WT
0.22033000000000003,799,RT @DrFishSG: It's a balmy 9 F on the Lake Michigan shoreline. Walk carefully on the ice covered rocks! https://t.co/hTJZHaYJ9i
0.0,9877,"RT @charliekirk11: New polls: 

Michigan: 

Trump - 46
Biden - 41

Pennsylvania: 

Trump - 46 
Biden - 41

Wisconsin: 

Trump - 48
Biden -‚Ä¶"
-0.67127,3387,Who the hell are these so-called Democrats in states like Michigan who are calling their reps in opposition to #Impeachment?!
0.9451799999999999,5458,"RT @GeraldoRivera: Polls in key swing states, Michigan, Pennsylvania &amp; Wisconsin show @realDonaldTrump crushing any &amp; all Democratic presid‚Ä¶"
0.0,3099,"RT @TweetsbyCoachP: Duncan Robinson played D3 prior to transferring to Michigan 

Duncan Robinson scored 34 tonight for the Miami Heat toni‚Ä¶"
0.9451799999999999,26,"RT @GeraldoRivera: Polls in key swing states, Michigan, Pennsylvania &amp; Wisconsin show @realDonaldTrump crushing any &amp; all Democratic presid‚Ä¶"
1.63711,2864,"RT @OTHeroics1: Michigan Wolverines: 4 Takeaways from a hot 8-1 start
@ZackeryRogers13 Breaks down the surprising start to #GoBlue Season.‚Ä¶"
0.10727999999999993,5000,I liked you guys better when you just claimed bullshit national championships.  Now you claim the accomplishments o‚Ä¶ https://t.co/PydSMvqaou
0.0,4534,"RT @charliekirk11: New polls: 

Michigan: 

Trump - 46
Biden - 41

Pennsylvania: 

Trump - 46 
Biden - 41

Wisconsin: 

Trump - 48
Biden -‚Ä¶"
0.9451799999999999,285,"RT @GeraldoRivera: Polls in key swing states, Michigan, Pennsylvania &amp; Wisconsin show @realDonaldTrump crushing any &amp; all Democratic presid‚Ä¶"
0.29974,2324,RT @JsScope: Honored to have @FrameableFaces Doug &amp; Ally represent their state of Michigan as presenters on tonight‚Äôs Golden Squirrel Award‚Ä¶
0.9451799999999999,2545,"RT @GeraldoRivera: Polls in key swing states, Michigan, Pennsylvania &amp; Wisconsin show @realDonaldTrump crushing any &amp; all Democratic presid‚Ä¶"
0.12829000000000004,87,"@IngrahamAngle Slotkin is another AOC in disguise. Wouldn‚Äôt trust her at all. I‚Äôm from Michigan, will never vote fo‚Ä¶ https://t.co/rfZMdsxE6Y"
-0.82651,1260,Michigan lawmakers to Trudeau: Don‚Äôt store nuclear waste near lakes - Great Lakes Commission https://t.co/nftdEk3fy5
1.7457,528,RT @jayharrell32: I am excited and blessed to announce my commitment to the University of Michigan üôèüèΩ https://t.co/zguORPX1WT
0.37136,732,"@Goonerberg Get shot by a pastor from Michigan that paid $1,000 for the right to do so"
1.7457,958,RT @jayharrell32: I am excited and blessed to announce my commitment to the University of Michigan üôèüèΩ https://t.co/zguORPX1WT
0.77615,248,"Check out my music on #applemusic 
#rap #rapper #music #artist #jxydan #newmusicalert #new @ Detroit, Michigan https://t.co/C2AvfD44wk"
1.7457,790,RT @jayharrell32: I am excited and blessed to announce my commitment to the University of Michigan üôèüèΩ https://t.co/zguORPX1WT
0.24298000000000003,41,"@RiderPride1234 Just please don't forget to send some to Jackson, Michigan"
0.9451799999999999,27812,"RT @GeraldoRivera: Polls in key swing states, Michigan, Pennsylvania &amp; Wisconsin show @realDonaldTrump crushing any &amp; all Democratic presid‚Ä¶"
1.7978199999999998,265,RT @_indinicole: I really can‚Äôt believe that I just experienced what I believe to be discrimination from what appears to now be an unjust s‚Ä¶
-0.49146999999999996,29,RT @craigrwall: Crazy video: Watch as Park district truck slides off into Lake Michigan. The two employees inside got out safely. ‚Å¶@ABC7Chi‚Ä¶
1.7457,1291,RT @jayharrell32: I am excited and blessed to announce my commitment to the University of Michigan üôèüèΩ https://t.co/zguORPX1WT
-0.32306999999999997,1453,"Big Ten basketball preview: Is Ohio State, not Michigan State, now the favorite? https://t.co/WAxeHDKuCK https://t.co/luFlA6LnfA"
1.7457,49,RT @jayharrell32: I am excited and blessed to announce my commitment to the University of Michigan üôèüèΩ https://t.co/zguORPX1WT
0.64132,2944,@TheMominatrixx @vexedinthecity They pull this BS all the time in Chicago... my dad got punched in the face by one‚Ä¶ https://t.co/y2G0wPktmf
0.019820000000000004,2623,"Strong winds are sweeping across Northern Michigan this afternoon, resulting in limited visibility and frigid wind‚Ä¶ https://t.co/vMUYoCSYNz"
-0.15225999999999998,231,"RT @dianepathieu: WATCH THIS!!! AMAZINGLY THEY ARE OK!! 

2 Park District employees in their salt truck slipped off of the Lakefront trail‚Ä¶"
1.1675000000000002,499,"A little bit of a crazy day at the gallery, but you already know we‚Äôre rolling with it! Our phones our back up and‚Ä¶ https://t.co/pxSOe9NDkr"
1.7457,761,RT @jayharrell32: I am excited and blessed to announce my commitment to the University of Michigan üôèüèΩ https://t.co/zguORPX1WT
0.61587,157,RT @Lions: Headed to #TBvsDET? Be sure to pick up your @III_Flowers roster card poster! Limited üéü remain: https://t.co/tJPHBq33fo @Ticketma‚Ä¶
1.7457,3627,RT @jayharrell32: I am excited and blessed to announce my commitment to the University of Michigan üôèüèΩ https://t.co/zguORPX1WT
0.49936,79208,Irony? A Chicago salt truck ended up in Lake Michigan after sliding on ice. https://t.co/UNNbaXNzDe
0.0,19,"RT @FootballGlory19: #B1G conference prediction
East
1 Michigan (8-1)
2 Michigan State (6-3) 
Penn State (6-3)
Ohio State (6-3)
5 Maryland‚Ä¶"
1.7457,1409,RT @jayharrell32: I am excited and blessed to announce my commitment to the University of Michigan üôèüèΩ https://t.co/zguORPX1WT
1.7457,121,RT @jayharrell32: I am excited and blessed to announce my commitment to the University of Michigan üôèüèΩ https://t.co/zguORPX1WT
0.9451799999999999,32,"RT @GeraldoRivera: Polls in key swing states, Michigan, Pennsylvania &amp; Wisconsin show @realDonaldTrump crushing any &amp; all Democratic presid‚Ä¶"
0.0,533,"@WolverineCorner 85-74 Michigan

Livers 16 points"
0.7711300000000001,78,i had a conversation with my mom about not really wanting to be in michigan anymore and possibly moving out and she‚Ä¶ https://t.co/XOnshfLvtW
0.0,1344,"RT @FootballGlory19: #B1G conference prediction
East
1 Michigan (8-1)
2 Michigan State (6-3) 
Penn State (6-3)
Ohio State (6-3)
5 Maryland‚Ä¶"
1.2505199999999999,118,"@mateodechicago It just shows Matt you don't aim high in life. You want to be known as an also ran, knock yourself‚Ä¶ https://t.co/6LCCNfoETt"
0.1146,107,RT @TremendousUM: BREAKING: 2020 four-star defensive end Jaylen Harrell commits to #Michigan; first verbal for the Wolverines since July: h‚Ä¶
0.1146,107,RT @TremendousUM: BREAKING: 2020 four-star defensive end Jaylen Harrell commits to #Michigan; first verbal for the Wolverines since July: h‚Ä¶
0.92702,456,RT @DNeckel19: Virginia is only the sixth school in the past 50 years to win the men‚Äôs basketball title and make a ‚ÄúNew Year‚Äôs Six‚Äù Bowl Ga‚Ä¶
0.92702,456,RT @DNeckel19: Virginia is only the sixth school in the past 50 years to win the men‚Äôs basketball title and make a ‚ÄúNew Year‚Äôs Six‚Äù Bowl Ga‚Ä¶
0,4557,2020 four-star DE Jaylen Harrell commits to Michigan https://t.co/k5zvcgn7gJ
0,4557,2020 four-star DE Jaylen Harrell commits to Michigan https://t.co/k5zvcgn7gJ
0.0,24,RT @isaiahhole: 2020 Tampa (FL) Berkeley Prep four-star hybrid LB/DE @jayharrell32 commits to #Michigan. https://t.co/4T8LeIJZRb
0.0,24,RT @isaiahhole: 2020 Tampa (FL) Berkeley Prep four-star hybrid LB/DE @jayharrell32 commits to #Michigan. https://t.co/4T8LeIJZRb
0.38759,29207,#Michigan's commitment list with @jayharrell32 now in the fold: https://t.co/pIR9YxiMbc
0.38759,29207,#Michigan's commitment list with @jayharrell32 now in the fold: https://t.co/pIR9YxiMbc
0.0,1691,RT @isaiahhole: 2020 Tampa (FL) Berkeley Prep four-star hybrid LB/DE @jayharrell32 commits to #Michigan. https://t.co/4T8LeIJZRb
0.0,1703,RT @isaiahhole: 2020 Tampa (FL) Berkeley Prep four-star hybrid LB/DE @jayharrell32 commits to #Michigan. https://t.co/4T8LeIJZRb
0.0,453,RT @isaiahhole: 2020 Tampa (FL) Berkeley Prep four-star hybrid LB/DE @jayharrell32 commits to #Michigan. https://t.co/4T8LeIJZRb
0.0,453,RT @isaiahhole: 2020 Tampa (FL) Berkeley Prep four-star hybrid LB/DE @jayharrell32 commits to #Michigan. https://t.co/4T8LeIJZRb
0.0,16493,2020 Tampa (FL) Berkeley Prep four-star hybrid LB/DE @jayharrell32 commits to #Michigan. https://t.co/4T8LeIJZRb
0.0,16494,2020 Tampa (FL) Berkeley Prep four-star hybrid LB/DE @jayharrell32 commits to #Michigan. https://t.co/4T8LeIJZRb
0,6054,Jaylen Harrell commits to Michigan https://t.co/AIY8MrCv7D
0,6054,Jaylen Harrell commits to Michigan https://t.co/AIY8MrCv7D
0.42506999999999995,159,@jayharrell32 @UMichFootball @TomVH @CoachJim4UM @BobbyHomeTeam That is a very huge and big accomplishment! Congrat‚Ä¶ https://t.co/w8nZQHwkx4
0.17996,33,"RT @MaizenBrew: The Wolverines just landed one of the top defensive ends in the 2020 class

Four-star DE Jaylen Harrell commits to Michigan‚Ä¶"
0.17996,29778,"The Wolverines just landed one of the top defensive ends in the 2020 class

Four-star DE Jaylen Harrell commits to‚Ä¶ https://t.co/M0IFcZYt59"
0.1146,381,RT @TremendousUM: BREAKING: 2020 four-star defensive end Jaylen Harrell commits to #Michigan; first verbal for the Wolverines since July: h‚Ä¶
0.46805,159,@EMUFB @quicklanebowl Good luck! Please win the Quick Lane Bowl! Go Eastern Michigan Eagles Football!
0.1146,37,RT @TremendousUM: BREAKING: 2020 four-star defensive end Jaylen Harrell commits to #Michigan; first verbal for the Wolverines since July: h‚Ä¶
0.17996,494,"RT @MaizenBrew: The Wolverines just landed one of the top defensive ends in the 2020 class

Four-star DE Jaylen Harrell commits to Michigan‚Ä¶"
0,494,RT @WoodsFootball: 2020 four-star DE Jaylen Harrell commits to Michigan https://t.co/k5zvcgn7gJ
0.88735,9,On Halloween at work I dress like Jim Harbaugh as the Michigan Wolverines football coach #michiganfootball‚Ä¶ https://t.co/ToT3tLy57R
0.5647099999999999,434,"RT @sehsathletics: Although he came to St. Edward as a student basketball player, Montorie Foster will go to the next level a student-athle‚Ä¶"
0.32141,909,"RT @247Sports: Michigan lands commitment from four-star defensive end Jaylen Harrell.

https://t.co/lhlNxqMK7z https://t.co/piEamUUM2V"
0.0,5342,"Michigan lands 2020 4‚≠êÔ∏è LB/DE Jaylen Harrell (FL) over FSU and Florida. Welcome to the „ÄΩÔ∏èob, Jaylen! üòà #GoBlue @ Ta‚Ä¶ https://t.co/tkwu552IgQ"
0.1146,107,RT @TremendousUM: BREAKING: 2020 four-star defensive end Jaylen Harrell commits to #Michigan; first verbal for the Wolverines since July: h‚Ä¶
0.1146,107,RT @TremendousUM: BREAKING: 2020 four-star defensive end Jaylen Harrell commits to #Michigan; first verbal for the Wolverines since July: h‚Ä¶
0.92702,456,RT @DNeckel19: Virginia is only the sixth school in the past 50 years to win the men‚Äôs basketball title and make a ‚ÄúNew Year‚Äôs Six‚Äù Bowl Ga‚Ä¶
0.92702,456,RT @DNeckel19: Virginia is only the sixth school in the past 50 years to win the men‚Äôs basketball title and make a ‚ÄúNew Year‚Äôs Six‚Äù Bowl Ga‚Ä¶
0,4557,2020 four-star DE Jaylen Harrell commits to Michigan https://t.co/k5zvcgn7gJ
0,4557,2020 four-star DE Jaylen Harrell commits to Michigan https://t.co/k5zvcgn7gJ
0.0,24,RT @isaiahhole: 2020 Tampa (FL) Berkeley Prep four-star hybrid LB/DE @jayharrell32 commits to #Michigan. https://t.co/4T8LeIJZRb
0.0,24,RT @isaiahhole: 2020 Tampa (FL) Berkeley Prep four-star hybrid LB/DE @jayharrell32 commits to #Michigan. https://t.co/4T8LeIJZRb
0.38759,29207,#Michigan's commitment list with @jayharrell32 now in the fold: https://t.co/pIR9YxiMbc
0.38759,29207,#Michigan's commitment list with @jayharrell32 now in the fold: https://t.co/pIR9YxiMbc
0.0,1691,RT @isaiahhole: 2020 Tampa (FL) Berkeley Prep four-star hybrid LB/DE @jayharrell32 commits to #Michigan. https://t.co/4T8LeIJZRb
0.0,1703,RT @isaiahhole: 2020 Tampa (FL) Berkeley Prep four-star hybrid LB/DE @jayharrell32 commits to #Michigan. https://t.co/4T8LeIJZRb
0.0,453,RT @isaiahhole: 2020 Tampa (FL) Berkeley Prep four-star hybrid LB/DE @jayharrell32 commits to #Michigan. https://t.co/4T8LeIJZRb
0.0,453,RT @isaiahhole: 2020 Tampa (FL) Berkeley Prep four-star hybrid LB/DE @jayharrell32 commits to #Michigan. https://t.co/4T8LeIJZRb
0.0,16493,2020 Tampa (FL) Berkeley Prep four-star hybrid LB/DE @jayharrell32 commits to #Michigan. https://t.co/4T8LeIJZRb
0.0,16494,2020 Tampa (FL) Berkeley Prep four-star hybrid LB/DE @jayharrell32 commits to #Michigan. https://t.co/4T8LeIJZRb
0,6054,Jaylen Harrell commits to Michigan https://t.co/AIY8MrCv7D
0,6054,Jaylen Harrell commits to Michigan https://t.co/AIY8MrCv7D
0.37738000000000005,1975,RT @RozierReports: Michigan State Football player and #Dallas native @JoshButlerTv made news a few weeks back when he walked out with his d‚Ä¶
0.29899,53,"RT @BamaOnLine247: #Alabama WR Jerry Jeudy announces whether he‚Äôll play in Citrus Bowl or not 

https://t.co/kCPXHNX9MR https://t.co/Nj8QXH‚Ä¶"
0.37738000000000005,3070,RT @RozierReports: Michigan State Football player and #Dallas native @JoshButlerTv made news a few weeks back when he walked out with his d‚Ä¶
-0.1211,1296,"RT @RJ_Young: Last year @ArmyWP_Football fought at OU and damn near left with a win.

This year it did the same at Michigan. 

Now @Finding‚Ä¶"
0.28392999999999996,399,RT @ScarletGreatCT: Desmond also said Michigan had a better football team than OSU. Let‚Äôs maybe not take his opinion seriously. https://t.c‚Ä¶
0.59932,113,RT @LSULindon: @NotJoelKlatt We must have watched different OSU vs Michigan football games then. 2019 right?
0.0,73,"Since 1985, top 4 finishes:

Basketball: 6
Football: 3

National Championship games

Basketball: 4
Football: 1 

Mi‚Ä¶ https://t.co/Ip4pP9fwZe"
-0.1211,522,"RT @RJ_Young: Last year @ArmyWP_Football fought at OU and damn near left with a win.

This year it did the same at Michigan. 

Now @Finding‚Ä¶"
0.07938999999999995,77,üòÇ Michigan basketball is exactly who we thought they were they're as bad as my Longhorns in football everytime they‚Ä¶ https://t.co/1gGeqBQlUd
0.14682,3312,Are you looking for a #fantasyfootball #podcast to #subscribe to? Sporgy 12/10/19 - The Fantasy Hack - Week 15‚Ä¶ https://t.co/vZ4TPokITv
0.25589,478,RT @JaredPurcellDET: Walled Lake Western's Abdur-Rahmaan Yaseen is the Michigan high school football AP Player of the Year for Division 1-2‚Ä¶
0.25589,3340,Walled Lake Western's Abdur-Rahmaan Yaseen is the Michigan high school football AP Player of the Year for Division‚Ä¶ https://t.co/Bkc2lwDcqH
0.25589,1603,RT @MLiveSports: Meet the Michigan high school football all-state team for Division 1-2 https://t.co/gwkPYEKtmZ
0.26273,17,"RT @UMichFootball: Will we see you in Orlando for the New Year? 

üéü ¬ª https://t.co/dWuByep09l

#GoBlue „ÄΩÔ∏èüçäüçã https://t.co/zFk0aGMZh1"
0.37738000000000005,431,RT @RozierReports: Michigan State Football player and #Dallas native @JoshButlerTv made news a few weeks back when he walked out with his d‚Ä¶
